name,email
Tranbs,macin@truc.com
Tranbs,bertrandburcker@gmail.com
Tranbs,bertrandburcker@gmail.com
Bertrad,bertrandburcker@gmail.com
Louis,bertrandburcker@gmail.com
bertrand,bertrandburcker@gmail.com
Ranto,bertrandburcker@gmail.com
Tranbs,bertrandburcker@gmail.com
bertrand,bertrandburcker@gmail.com
bertrand,bertrandburcker@gmail.com
bertrand,bertrandburcker@gmail.com
bertrand,bertrandburcker@gmail.com
bertrand,bertrandburcker@gmail.com
bertrand,bertrandburcker@gmail.com
bertrand,bertrandburcker@gmail.com
bertrand,bertrandburcker@gmail.com
bertrand,bertrandburcker@gmail.com
bertrand,bertrandburcker@gmail.com
bertrand,bertrandburcker@gmail.com
bertrand,bertrandburcker@gmail.com
Jules,bertrandburcker@gmail.com
albert,bertrandburcker@gmail.com
Jean,bertrandburcker@gmail.com
Martin,bertrandburcker@gmail.com
LÃ©a,bertrandburcker@gmail.com
